entry_ts,exit_ts,pnl,size,price_entry,price_exit,side,exit_reason,return_pct,leverage_used,fees_paid
2019-07-16,2019-07-17,241.03969483652884,1.0600042313990914,9433.924604999998,9680.187485,LONG,take_profit,2.4103969483652885,1.0,20.0
2019-08-07,2020-03-13,5275.068188905288,0.8358062919156647,11964.49476,5629.213199999999,SHORT,signal_reverse,52.75068188905288,1.0,20.0
2020-03-13,2020-03-14,-828.5526499511502,1.7764471951426535,5629.213199999999,5174.061675,LONG,take_profit,-8.285526499511501,1.0,20.0
2020-11-17,2020-11-20,-593.3784979895061,0.5659386207760018,17669.7607,18682.906785,SHORT,stop_loss,-5.93378497989506,1.0,19.999999999999996
2020-11-20,2020-12-16,-1470.4786421251306,0.5357841323994622,18664.233215,21371.440379999996,SHORT,stop_loss,-14.704786421251306,1.0,20.0
2020-12-16,2020-12-17,-714.3678812379076,0.4683823282154112,21350.079619999997,22832.560575,SHORT,stop_loss,-7.1436788123790755,1.0,20.0
2021-01-02,2021-01-03,-284.20146803228965,0.31056795278656285,32199.07241,33049.77663,SHORT,stop_loss,-2.8420146803228965,1.0,19.999999999999996
2021-01-06,2021-01-07,-752.8930266983222,0.2716184328353517,36816.352614999996,39514.597425,SHORT,stop_loss,-7.528930266983222,1.0,20.000000000000004
2021-02-06,2021-02-08,-1864.7621386335256,0.2548617964491717,39236.95171,46475.236005,SHORT,stop_loss,-18.647621386335256,1.0,19.999999999999996
2021-02-08,2021-02-09,-37.81871780421855,0.21538362928214783,46428.783995000005,46511.514135,SHORT,stop_loss,-0.37818717804218555,1.0,20.0
2021-02-11,2021-02-19,-1682.1971285284474,0.20844927738124072,47973.30135,55947.40972499999,SHORT,stop_loss,-16.821971285284473,1.0,20.0
2021-03-13,2021-04-14,-326.2694505608854,0.16360383094913789,61123.26308,62995.2819,SHORT,stop_loss,-3.262694505608854,1.0,20.0
2021-04-22,2021-04-23,-148.9069677261527,0.1931887874135386,51762.838485,51095.579430000005,LONG,stop_loss,-1.4890696772615268,1.0,20.0
2021-05-15,2021-05-16,-106.13429059032534,0.21363334112951893,46809.17289,46405.9854,LONG,stop_loss,-1.0613429059032533,1.0,20.0
2021-06-21,2021-06-22,257.41921671164357,0.31620628789256466,31624.92456,32502.26074,LONG,stop_loss,2.574192167116436,1.0,19.999999999999996
2021-07-16,2021-07-17,13.06665397591899,0.31856845662308675,31390.42737,31494.225010000002,LONG,take_profit,0.1306665397591899,1.0,20.0
2021-07-20,2021-07-21,752.8389411182646,0.3354744788986983,29808.526815,32112.245845,LONG,take_profit,7.528389411182647,1.0,20.0
2021-07-26,2021-07-27,-629.545244900327,0.2686021363395276,37229.785795,39499.109685,SHORT,stop_loss,-6.295452449003271,1.0,20.0
2021-09-06,2021-09-21,2251.8584613587773,0.18982029403736042,52681.40612,40712.93629499999,SHORT,signal_reverse,22.518584613587773,1.0,19.999999999999996
2021-09-21,2021-09-22,674.7649340505518,0.2456221758986249,40712.936295,43541.528345,LONG,take_profit,6.747649340505518,1.0,20.0
2021-10-05,2021-10-06,-776.9273322192377,0.19431362349371778,51463.195530000005,55358.585459999995,SHORT,stop_loss,-7.769273322192377,1.0,20.0
2021-11-08,2021-11-09,63.35660553654016,0.1480766615292582,67532.586815,66969.65809499999,SHORT,stop_loss,0.6335660553654016,1.0,20.0
2021-11-18,2021-11-19,174.89242227766675,0.17553211945015917,56969.630580000005,58079.92551000001,LONG,take_profit,1.7489242227766675,1.0,20.000000000000004
2021-12-04,2021-12-05,21.380992076197128,0.20311255946046294,49233.78459,49437.518875,LONG,stop_loss,0.21380992076197128,1.0,20.0
2022-01-05,2022-01-06,-109.45302065970154,0.23014146728562596,43451.53491,43062.847805000005,LONG,take_profit,-1.0945302065970153,1.0,20.0
2022-01-21,2022-01-22,-407.55012645588187,0.2741646073124613,36474.438105,35060.870795,LONG,stop_loss,-4.0755012645588184,1.0,20.0
2022-02-07,2022-02-10,46.34945492992322,0.22813673108194304,43833.362355,43542.53038499999,SHORT,stop_loss,0.4634945492992322,1.0,20.0
2022-03-24,2022-03-27,-677.1881314078483,0.22733444356246335,43988.05497,46878.897735,SHORT,stop_loss,-6.771881314078483,1.0,20.0
2022-03-27,2022-04-11,1534.0951980732511,0.21352901809011038,46832.042265000004,39553.897065,SHORT,signal_reverse,15.340951980732513,1.0,20.0
2022-04-11,2022-04-12,108.97866527832731,0.2528195890171512,39553.897065,40064.05795,LONG,take_profit,1.0897866527832731,1.0,20.000000000000004
2022-04-26,2022-04-27,260.16100724397364,0.2621347783853767,38148.314625,39217.08165,LONG,take_profit,2.601610072439736,1.0,20.0
2022-04-30,2022-05-01,191.58051336153656,0.2655785212461601,37653.647415,38450.32522,LONG,take_profit,1.9158051336153656,1.0,19.999999999999996
2022-05-05,2022-05-06,-177.30042770464874,0.27351690656288874,36560.81127,35985.708145000004,LONG,stop_loss,-1.7730042770464873,1.0,20.0
2022-05-30,2022-05-31,-49.80064089317321,0.31551180862962025,31694.534805,31788.986549999998,SHORT,stop_loss,-0.4980064089317321,1.0,19.999999999999996
2022-06-12,2022-06-13,-1568.7492040249952,0.37656640466206137,26555.741235,22442.922925000003,LONG,stop_loss,-15.68749204024995,1.0,20.0
2022-07-18,2022-07-19,-462.89420680023346,0.44605450295366145,22418.785,23411.699999999997,SHORT,stop_loss,-4.628942068002335,1.0,20.0
2022-08-19,2022-08-20,114.67148181730258,0.4797601967016614,20843.746665000002,21124.452490000003,LONG,stop_loss,1.1467148181730258,1.0,20.0
2022-09-12,2022-11-08,1689.5682583508437,0.4466941737901366,22386.681060000003,18559.525125,SHORT,signal_reverse,16.895682583508435,1.0,20.0
2022-11-08,2022-11-09,-1461.583815846689,0.5388068893276707,18559.525125,15884.01402,LONG,stop_loss,-14.61583815846689,1.0,20.0
2023-02-09,2023-02-10,-108.6571447336788,0.4584731037016189,21811.530315,21618.155515000002,LONG,stop_loss,-1.086571447336788,1.0,20.0
2023-03-09,2023-03-10,-97.15907735842944,0.49074471406213405,20377.193505,20219.96496,LONG,stop_loss,-0.9715907735842945,1.0,20.0
2023-03-17,2023-03-19,-249.68819832234308,0.36445534070830815,27438.204035,28068.4272,SHORT,stop_loss,-2.496881983223431,1.0,20.0
2023-04-10,2023-04-11,-225.51105370028964,0.33735299189545886,29642.541315,30251.728305,SHORT,stop_loss,-2.2551105370028965,1.0,19.999999999999996
2023-05-28,2023-05-29,84.51692119159735,0.35645456946678344,28054.06595,27760.853489999998,SHORT,stop_loss,0.8451692119159735,1.0,20.0
2023-06-05,2023-06-06,550.8732194704314,0.38832977052030443,25751.30922,27221.3825,LONG,stop_loss,5.508732194704315,1.0,20.0
2023-06-14,2023-06-15,147.0779050584958,0.39775816861561986,25140.90417,25560.95313,LONG,take_profit,1.4707790505849578,1.0,20.000000000000004
2023-06-20,2023-06-21,-627.6371345945571,0.35336184601588155,28299.60312,30019.192095,SHORT,stop_loss,-6.276371345945571,1.0,20.000000000000004
2023-07-13,2023-07-14,332.1782710713575,0.3179474708723207,31451.736265,30344.074454999998,SHORT,stop_loss,3.321782710713575,1.0,20.0
2023-07-24,2023-07-25,-13.711783157538749,0.34254341933817767,29193.379395,29211.736825,LONG,take_profit,-0.13711783157538748,1.0,20.0
2023-08-17,2023-08-18,-247.2009998058342,0.37541184486050705,26637.41205,26032.207385,LONG,stop_loss,-2.472009998058342,1.0,20.0
2023-10-16,2023-10-18,36.08846836245157,0.35086276101221775,28501.172285,28341.313575,SHORT,stop_loss,0.36088468362451576,1.0,20.0
2023-10-20,2023-10-21,-109.55904775050044,0.3370249146153445,29671.39688,29937.131084999997,SHORT,stop_loss,-1.0955904775050045,1.0,20.0
2023-11-11,2023-11-24,-185.70435704617725,0.26923676713731626,37142.029695,37757.48931,SHORT,stop_loss,-1.8570435704617725,1.0,20.0
2023-12-02,2023-12-03,-161.59526369711585,0.2534825658573289,39450.44491,40009.044525,SHORT,stop_loss,-1.6159526369711585,1.0,20.000000000000004
2024-01-02,2024-01-08,-480.47570780479987,0.22249952189302738,44943.9168,47013.47499,SHORT,stop_loss,-4.804757078047999,1.0,20.0
2024-01-08,2024-01-09,155.0534194383396,0.2129177859035187,46966.485010000004,46144.32063,SHORT,stop_loss,1.5505341943833961,1.0,20.000000000000004
2024-01-10,2024-01-11,37.57934851748972,0.2144122384728672,46639.128769999996,46370.583705000005,SHORT,stop_loss,0.37579348517489725,1.0,20.0
2024-02-08,2024-02-09,-439.7828162106034,0.2208679058206819,45275.93071,47176.536479999995,SHORT,stop_loss,-4.397828162106034,1.0,19.999999999999996
2024-02-14,2024-02-26,-547.9256274869434,0.1930126263841852,51810.082,54545.269005,SHORT,stop_loss,-5.479256274869434,1.0,20.0
2024-02-27,2024-02-28,-984.8069478306045,0.17533678062212077,57033.099185,62535.69222,SHORT,stop_loss,-9.848069478306044,1.0,20.0
2024-03-04,2024-03-11,-580.7108616861062,0.1464070932902052,68302.701565,72132.50823,SHORT,stop_loss,-5.807108616861063,1.0,20.0
2024-04-13,2024-04-14,240.36731243753235,0.1561719140429785,64032.0,65699.183975,LONG,stop_loss,2.4036731243753233,1.0,20.0
2024-04-15,2024-04-16,31.747169357405316,0.15758031270974573,63459.703994999996,63788.090000000004,LONG,take_profit,0.3174716935740532,1.0,20.0
2024-04-17,2024-04-18,333.0193552205043,0.16312123550311383,61304.09673,63468.25,LONG,take_profit,3.330193552205043,1.0,20.0
2024-05-01,2024-05-02,107.36045934780559,0.17154220261078112,58294.69278,59037.136665,LONG,stop_loss,1.0736045934780558,1.0,20.0
2024-05-15,2024-05-20,-815.9981500184047,0.15101890567925472,66216.875,71487.726,SHORT,stop_loss,-8.159981500184047,1.0,20.0
2024-05-20,2024-06-24,1534.8785302072765,0.14002410711037655,71416.274,60311.91088499999,SHORT,signal_reverse,15.348785302072764,1.0,20.0
2024-06-24,2024-06-25,220.2830707458871,0.16580472834076745,60311.910885,61761.10400000001,LONG,take_profit,2.202830707458871,1.0,20.0
2024-07-04,2024-07-05,-101.4464841892403,0.17520949315737638,57074.533005000005,56609.681000000004,LONG,stop_loss,-1.014464841892403,1.0,20.0
2024-07-07,2024-07-08,121.6613297840596,0.17892947922405714,55887.940005000004,56679.65599500001,LONG,take_profit,1.216613297840596,1.0,20.0
2024-07-15,2024-07-19,-330.4582287905733,0.15449834840844542,64725.611005,66735.07085999999,SHORT,stop_loss,-3.304582287905733,1.0,20.0
2024-08-02,2024-08-03,-151.68513611754727,0.1627208696952216,61454.93211,60645.662000000004,LONG,take_profit,-1.5168513611754726,1.0,20.0
2024-08-23,2024-09-06,1554.421848790583,0.15609589826342185,64063.182385,53976.93498,SHORT,signal_reverse,15.54421848790583,1.0,19.999999999999996
2024-09-06,2024-09-07,6.306054623630864,0.1852643171329622,53976.93498,54118.927,LONG,take_profit,0.06306054623630863,1.0,20.0
2024-09-19,2024-09-26,-382.83178027703633,0.15889521559956168,62934.55698,65218.022715,SHORT,stop_loss,-3.8283178027703633,1.0,20.0
2024-10-29,2024-11-06,-432.50014560415036,0.13757168371543038,72689.37713000001,75687.81499500001,SHORT,stop_loss,-4.3250014560415035,1.0,20.0
2024-11-06,2024-11-07,-66.43269240826089,0.13225385094235473,75612.165005,75963.25264499999,SHORT,stop_loss,-0.664326924082609,1.0,20.0
2024-11-10,2024-11-11,-1065.6783980005912,0.12437844979177803,80399.78,88807.011315,SHORT,stop_loss,-10.656783980005912,1.0,20.0
2024-12-15,2024-12-16,-188.79237815736514,0.09579421379396719,104390.43867,106152.46970999999,SHORT,stop_loss,-1.8879237815736514,1.0,20.0
2025-01-06,2025-01-17,-209.5548667974321,0.09781709548364383,102231.61862,104169.46870499999,SHORT,stop_loss,-2.095548667974321,1.0,20.0
2025-01-17,2025-01-19,251.45022909615955,0.0960934631513656,104065.351295,101240.49495,SHORT,stop_loss,2.5145022909615955,1.0,20.0
2025-01-21,2025-02-04,758.76726580321,0.09424531471145564,106106.070425,97842.87698999999,SHORT,signal_reverse,7.5876726580320994,1.0,20.0
2025-02-04,2025-02-05,-149.27258518054873,0.10220468068433891,97842.87698999999,96578.03682500002,LONG,take_profit,-1.4927258518054871,1.0,20.0
2025-02-24,2025-02-25,-353.3525691292116,0.10918603929571936,91586.800515,88533.73099000001,LONG,stop_loss,-3.5335256912921156,1.0,20.0
2025-04-06,2025-04-07,67.75932706680508,0.12754392319076693,78404.36258999999,79092.43400000001,LONG,stop_loss,0.6775932706680509,1.0,19.999999999999996
2025-04-22,2025-04-23,-56.286345095193646,0.10702060904339028,93439.946655,93779.00606999999,SHORT,stop_loss,-0.5628634509519365,1.0,20.0
2025-05-08,2025-05-18,-343.5039889257568,0.09689511052432324,103204.38199499999,106543.08492,SHORT,stop_loss,-3.4350398892575678,1.0,20.0
2025-06-05,2025-06-06,246.6087539266133,0.09839964994296982,101626.377795,104335.82599000001,LONG,take_profit,2.466087539266133,1.0,20.0
2025-07-10,2025-07-11,-163.43360330432262,0.08622965352365583,115969.3863,117632.776995,SHORT,stop_loss,-1.6343360330432262,1.0,19.999999999999996
2025-07-31,2025-08-01,-245.56076993174136,0.08634404294715016,115815.748935,113203.39998500001,LONG,stop_loss,-2.4556076993174134,1.0,20.0
2025-08-13,2025-08-25,1042.4251696530323,0.08110389549289937,123298.63984,110199.08200499999,SHORT,signal_reverse,10.424251696530323,1.0,19.999999999999996
2025-08-25,2025-08-26,119.77887129133494,0.09074485756193756,110199.08200499999,111739.432335,LONG,take_profit,1.1977887129133493,1.0,20.000000000000004
2025-09-11,2025-09-18,-168.2907331252153,0.08659212765027127,115483.93914500001,117196.45894499999,SHORT,stop_loss,-1.682907331252153,1.0,20.0
2025-09-25,2025-09-26,30.383998598216078,0.09164852034441336,109112.50899,109662.26144,LONG,take_profit,0.3038399859821608,1.0,20.0
2025-10-02,2025-10-03,-171.88990187680412,0.08294234518821877,120565.677005,122396.94789,SHORT,stop_loss,-1.718899018768041,1.0,20.000000000000004
2025-11-04,2025-11-05,206.48889893981683,0.09848289574472831,101540.474865,103840.2539,LONG,stop_loss,2.0648889893981686,1.0,20.0
2025-11-06,2025-11-07,165.42916888702572,0.09864980088192234,101368.67901,103248.35,LONG,take_profit,1.654291688870257,1.0,20.000000000000004
2025-11-14,2025-11-15,79.09666947152016,0.10573625099812696,94574.94383999999,95512.150035,LONG,take_profit,0.7909666947152015,1.0,20.0
2025-11-20,2025-11-21,-198.964982935023,0.11547439049871436,86599.288005,85049.463995,LONG,stop_loss,-1.9896498293502298,1.0,20.0
2025-12-15,2025-12-16,134.48471044152552,0.11563303254580981,86480.47863,87816.4698,LONG,take_profit,1.3448471044152552,1.0,20.0
2026-01-02,2026-01-04,-201.78755158775414,0.11120252638350829,89926.0145,91560.75749999999,SHORT,stop_loss,-2.017875515877541,1.0,20.0
2026-01-13,2026-01-14,-196.72367652357542,0.10489513111888767,95333.3095,97018.074795,SHORT,stop_loss,-1.9672367652357543,1.0,20.0
2026-01-31,2026-02-01,-253.37690352854582,0.1270507181859504,78708.724695,76871.84485000001,LONG,stop_loss,-2.533769035285458,1.0,20.0
