atr_period,atr_mult,leverage,total_pnl,total_return_pct,annualized_return,sharpe_ratio,sortino_ratio,account_ruined,volatility_annual,cagr,max_drawdown_duration_days,total_trades,profit_factor,avg_win,avg_loss,largest_win,largest_loss,avg_trade_duration_hours,expectancy,risk_reward_ratio,calmar_ratio,tier_s,max_drawdown_pct,win_rate_pct,success
10,2.5,1,0.0,0.0,0.0,0.0,0.0,False,0.0,0.0,0.0,0,0.0,0.0,0.0,0.0,0.0,0.0,0.0,0.0,0.0,,0.0,0.0,True
10,1.5,1,-1287.5414613986322,-12.875414613986322,-91.10463406895302,-5.856795922597037,-8.299237178385301,False,21.619338080332696,-91.10463406895302,19.958333333333332,9,0.169204790607395,131.114251088166,-221.39570908213773,140.52246670361902,-357.3033948379637,9.666666666666666,-143.0601623776258,0.5922167671258824,-7.075860218900272,,-12.875414613986322,22.22222222222222,True
14,1.5,1,-2408.8234498197244,-24.088234498197245,-99.20783998238844,-9.163412765617277,-8.704124198773474,False,34.95856811160918,-99.20783998238844,20.083333333333332,15,0.06530234673558004,84.14583239593523,-198.2396242008919,121.70603547271294,-601.2732555828289,6.666666666666667,-160.58822998798163,0.42446525378127026,-4.118518523630826,,-24.088234498197245,13.333333333333334,True
10,2.0,1,-145.918898055721,-1.45918898055721,-22.74430580719087,0.0,0.0,False,5.179607056557761,-22.74430580719087,5.0,1,0.0,0.0,-145.91889805572046,0.0,-145.91889805572046,1.0,-145.91889805572046,0.0,-15.586950086825398,,-1.45918898055721,0.0,True
14,2.0,1,-466.1784744966553,-4.661784744966553,-56.74560827882746,-4.352666300740327,-3.5824126453338287,False,13.598485605798405,-56.74560827882746,7.666666666666667,6,0.2013683403041183,117.5430307015931,-116.74430103964974,117.5430307015931,-209.0573407532937,5.0,-77.69641241610925,1.0068417015205915,-9.835617301257125,,-5.7693997784536215,16.666666666666664,True
14,2.5,1,0.0,0.0,0.0,0.0,0.0,False,0.0,0.0,0.0,0,0.0,0.0,0.0,0.0,0.0,0.0,0.0,0.0,0.0,,0.0,0.0,True
20,1.5,1,-3089.0846209712363,-30.890846209712365,-99.8475844290361,-13.17148068946432,-16.77180017315517,False,34.57831735414791,-99.8475844290361,19.5,22,0.0789056117907113,52.92532774298688,-197.27713292271596,121.70603547271294,-601.2732555828289,6.181818181818182,-140.4129373168744,0.2682790800884184,-3.1939463208230365,,-31.261509868865527,22.727272727272727,True
20,2.0,1,-1171.4012882471834,-11.714012882471835,-88.77660663447895,-5.184837792197861,-3.804722977890242,False,29.366494735535692,-88.77660663447895,12.75,9,0.18291228595275347,131.114251088166,-204.80425577478783,140.52246670361902,-350.5806268178324,8.777777777777779,-130.15569869413144,0.6401930008346371,-6.995910434004806,,-12.689786050285212,22.22222222222222,True
20,2.5,1,-81.32971376076966,-0.8132971376076966,-13.355701359678962,-1.3318498225413922,-1.4423964255876915,False,7.52175535506821,-13.355701359678962,7.666666666666667,5,0.6471085963940852,74.5684881794929,-76.82223003991861,117.5430307015931,-145.91889805572046,4.2,-16.265942752154007,0.970662894591128,-5.863184963585736,,-2.277891869798875,40.0,True
